section,content
Patient Summary,"An 18-year-old male, Gautam, presents with a primary concern of fever, which started approximately one day prior to this assessment. He describes a 'shivery' feeling and reports that the fever is impacting his ability to attend college. He denies experiencing other associated symptoms such as chills, body aches, or headache, and has not taken any medication for the fever. No existing medical conditions are reported, and he denies any red flag symptoms like difficulty breathing, chest pain, or severe headache. His temperature was not measured."
Symptoms Timeline,The patient reports the onset of fever approximately one day ago. He describes a subjective feeling of being 'shivery' since the fever began. No other specific symptoms are reported to have developed alongside the fever.
Clinical Findings,"This 18-year-old male presents with an acute febrile illness of one day's duration, characterized by a subjective 'shivery' sensation. Objective temperature measurement is unavailable. He denies any associated symptoms including chills, body aches, headache, difficulty breathing, chest pain, or severe headache. There is no reported history of chronic medical conditions. The fever is noted to be impacting his daily activities, specifically college attendance. He has not utilized any antipyretic medication."
Possible Conditions,"Given the acute onset of fever with a subjective 'shivery' feeling and absence of other specific localizing symptoms, possible conditions may include common viral infections such as an upper respiratory tract infection or an influenza-like illness. Other acute febrile syndromes could also be considered."
Risk Score,"Low. This assessment is based on the patient's young age (18 years), the short duration of symptoms (1 day), the absence of reported severe associated symptoms or red flags, and no known underlying medical conditions."
Red Flags,"The patient denies experiencing difficulty breathing, chest pain, or severe headache. These symptoms, if present, would warrant immediate medical attention. Other urgent symptoms to be aware of include new confusion, inability to keep fluids down, or a rash."
Recommended Action,"It is recommended to monitor the patient's temperature regularly, ensure adequate hydration, and encourage rest. Over-the-counter fever-reducing medication, such as acetaminophen or ibuprofen, may be considered if symptoms are bothersome and there are no contraindications. Observe closely for the development of any new symptoms or worsening of the current condition."
Doctor Recommendation,"A medical consultation is advised if the fever persists beyond 2-3 days, if the temperature is consistently high (e.g., above 102°F or 39°C), if new or concerning symptoms develop (such as severe pain, difficulty breathing, or a rash), or if there is no improvement in overall well-being. Immediate medical attention is necessary if any red flag symptoms emerge."
Medical Disclaimer,"This report is an AI-assisted preliminary assessment for educational and informational use. It is not a diagnosis, prescription, or replacement for care from a licensed medical professional."
